都道府県,市区町村,区,昼間人口
東京都,千代田区,null,819247
京都府,京都市,上京区,97833
大阪府,大阪市,中央区,465786
愛知県,名古屋市,昭和区,123063
東京都,中央区,null,605926
大阪府,堺市,堺区,173014
東京都,港区,null,886173
広島県,坂町,null,15339
愛知県,名古屋市,中区,297039
熊本県,嘉島町,null,10025
大阪府,大阪市,北区,382705
愛知県,小牧市,null,169933
愛知県,飛島村,null,13161
北海道,赤井川村,null,1451
東京都,渋谷区,null,520698
沖縄県,嘉手納町,null,15887
東京都,新宿区,null,750120
神奈川県,厚木市,null,257772
兵庫県,神戸市,中央区,276972
岩手県,金ケ崎町,null,18712
大阪府,大阪市,西区,177691
愛知県,名古屋市,港区,170191
栃木県,芳賀町,null,28875
熊本県,大津町,null,35587
神奈川県,横浜市,西区,170450
山梨県,甲府市,null,226701
広島県,広島市,中区,229879
広島県,広島市,南区,156596
京都府,久御山町,null,27825
山形県,三川町,null,8753
福岡県,福岡市,博多区,365990
青森県,大間町,null,7178
京都府,京都市,下京区,135656
東京都,立川市,null,203252
北海道,札幌市,中央区,372808
埼玉県,三芳町,null,43768
東京都,台東区,null,294756
和歌山県,御坊市,null,29505
東京都,文京区,null,345423
千葉県,千葉市,美浜区,169434
大阪府,大阪市,天王寺区,116468
茨城県,水戸市,null,303122
神奈川県,横浜市,中区,243277
東京都,墨田区,null,279272
愛知県,名古屋市,中村区,226298
新潟県,湯沢町,null,9468
愛知県,名古屋市,東区,118733
大阪府,摂津市,null,94321
福岡県,福岡市,中央区,284690
山梨県,早川町,null,1401
北海道,泊村,null,2980
北海道,士幌町,null,7203
大阪府,大阪市,浪速区,97184
静岡県,湖西市,null,67375
神奈川県,箱根町,null,20645
愛知県,名古屋市,千種区,179314
東京都,豊島区,null,422995
大阪府,堺市,美原区,43856
京都府,京都市,中京区,155123
石川県,川北町,null,6849
千葉県,芝山町,null,11628
鳥取県,倉吉市,null,56480
東京都,品川区,null,527019
鳥取県,日吉津村,null,3718
愛知県,大口町,null,32248
兵庫県,福崎町,null,22069
青森県,六ヶ所村,null,15920
佐賀県,鳥栖市,null,76834
宮城県,大衡村,null,7433
大阪府,門真市,null,144849
京都府,京都市,東山区,56253
群馬県,大泉町,null,44733
埼玉県,さいたま市,大宮区,150476
福島県,泉崎村,null,7556
京都府,京都市,南区,136137
香川県,坂出市,null,61717
福島県,大熊町,null,15817
徳島県,松茂町,null,16716
宮城県,仙台市,青葉区,397465
宮城県,女川町,null,11143
愛知県,名古屋市,熱田区,87530
山梨県,忍野村,null,9561
大阪府,大阪市,福島区,89796
熊本県,五木村,null,1334
新潟県,新潟市,中央区,238568
大阪府,大阪市,住之江区,140794
茨城県,五霞町,null,12373
宮城県,仙台市,宮城野区,210699
山梨県,昭和町,null,23113
山形県,新庄市,null,42973
新潟県,聖籠町,null,17729
東京都,武蔵野市,null,153267
大阪府,大阪市,淀川区,221686
兵庫県,加東市,null,44378
神奈川県,中井町,null,12789
福井県,福井市,null,294492
滋賀県,竜王町,null,16464
北海道,占冠村,null,1538
福岡県,久山町,null,10673
福岡県,田川市,null,55716
千葉県,成田市,null,163306
愛知県,みよし市,null,66151
福岡県,北九州市,小倉北区,228057
群馬県,長野原町,null,6616
千葉県,千葉市,中央区,249791
島根県,川本町,null,4286
福島県,磐梯町,null,4640
香川県,直島町,null,3653
愛知県,豊山町,null,17633
北海道,中札内村,null,4396
北海道,留寿都村,null,2469
和歌山県,新宮市,null,34519
兵庫県,神戸市,兵庫区,131328
徳島県,徳島市,null,289853
福岡県,宮若市,null,36384
愛知県,名古屋市,西区,158696
愛知県,刈谷市,null,176305
北海道,壮瞥町,null,3536
大阪府,大阪市,此花区,78925
東京都,目黒区,null,293382
沖縄県,恩納村,null,12174
奈良県,下北山村,null,1136
神奈川県,川崎市,川崎区,260412
茨城県,土浦市,null,157266
佐賀県,玄海町,null,7626
北海道,室蘭市,null,103303
岡山県,岡山市,北区,361461
秋田県,小坂町,null,6614
東京都,江東区,null,548976
静岡県,静岡市,葵区,278825
福岡県,苅田町,null,42860
沖縄県,那覇市,null,344774
沖縄県,西原町,null,41339
滋賀県,草津市,null,142677
福岡県,北九州市,戸畑区,73100
愛知県,豊田市,null,458833
秋田県,大潟村,null,3800
和歌山県,高野町,null,4323
長野県,軽井沢町,null,22396
茨城県,つくば市,null,233183
宮城県,大和町,null,26991
福岡県,直方市,null,60532
長野県,富士見町,null,16623
鹿児島県,宇検村,null,2027
大阪府,大阪市,阿倍野区,115197
岩手県,釜石市,null,41514
東京都,瑞穂町,null,36272
北海道,南富良野町,null,2950
岡山県,勝央町,null,12120
島根県,松江市,null,203609
長野県,南牧村,null,3811
北海道,夕張市,null,11446
広島県,北広島町,null,21558
高知県,馬路村,null,1061
石川県,金沢市,null,499132
大阪府,泉佐野市,null,105572
北海道,奈井江町,null,6681
北海道,千歳市,null,98026
長野県,諏訪市,null,55181
長野県,飯田市,null,110304
山形県,米沢市,null,96352
福島県,檜枝岐村,null,666
北海道,上川町,null,4884
長野県,駒ヶ根市,null,35277
群馬県,草津町,null,7712
北海道,新篠津村,null,3678
茨城県,鹿嶋市,null,71102
秋田県,秋田市,null,338578
北海道,厚真町,null,5258
栃木県,宇都宮市,null,535317
山形県,山形市,null,273293
鳥取県,米子市,null,155024
静岡県,浜松市,中区,256339
香川県,高松市,null,438504
茨城県,日立市,null,207592
群馬県,前橋市,null,355729
北海道,江差町,null,9676
大阪府,田尻町,null,8451
静岡県,沼津市,null,217376
京都府,京都市,左京区,176443
佐賀県,佐賀市,null,255165
北海道,帯広市,null,175656
静岡県,裾野市,null,58591
埼玉県,嵐山町,null,19741
熊本県,人吉市,null,38206
北海道,大樹町,null,6247
長野県,松本市,null,260542
福島県,楢葉町,null,8046
京都府,宮津市,null,21376
奈良県,十津川村,null,4291
滋賀県,多賀町,null,8315
和歌山県,和歌山市,null,386753
宮崎県,西米良村,null,1329
高知県,田野町,null,3060
北海道,月形町,null,5200
大阪府,大阪市,大正区,72508
山梨県,韮崎市,null,34721
徳島県,上勝町,null,1859
奈良県,上北山村,null,730
大分県,国東市,null,33365
山梨県,鳴沢村,null,3165
長野県,長野市,null,397717
三重県,多気町,null,16482
北海道,白糠町,null,9688
大阪府,大阪市,港区,90644
岩手県,北上市,null,97079
北海道,安平町,null,9310
三重県,熊野市,null,20490
青森県,弘前市,null,195642
北海道,倶知安町,null,16216
愛知県,田原市,null,68343
三重県,伊賀市,null,101252
山梨県,山中湖村,null,5669
奈良県,大和郡山市,null,92686
沖縄県,名護市,null,64123
山形県,東根市,null,48321
茨城県,神栖市,null,100911
福岡県,大牟田市,null,128704
愛知県,豊根村,null,1422
香川県,宇多津町,null,19188
岩手県,盛岡市,null,317373
千葉県,館山市,null,51290
愛媛県,伊方町,null,11573
三重県,鳥羽市,null,22300
富山県,富山市,null,448669
兵庫県,洲本市,null,49148
宮崎県,木城町,null,5503
愛媛県,東温市,null,36663
静岡県,牧之原市,null,52100
東京都,青ヶ島村,null,209
群馬県,神流町,null,2499
長野県,大鹿村,null,1206
三重県,いなべ市,null,48517
栃木県,那須町,null,27825
長野県,木曽町,null,13531
宮崎県,諸塚村,null,1956
福岡県,北九州市,八幡東区,76219
福岡県,新宮町,null,25641
京都府,京都市,北区,129464
高知県,大川村,null,427
福島県,会津若松市,null,133698
熊本県,西原村,null,7056
京都府,福知山市,null,84356
岐阜県,岐阜市,null,428926
群馬県,太田市,null,229149
鹿児島県,徳之島町,null,12552
佐賀県,伊万里市,null,60498
熊本県,水俣市,null,28004
福島県,郡山市,null,357979
石川県,七尾市,null,60093
静岡県,吉田町,null,31492
高知県,須崎市,null,25623
高知県,南国市,null,52216
新潟県,三条市,null,106117
栃木県,大田原市,null,82030
宮崎県,都城市,null,175911
静岡県,熱海市,null,41787
鳥取県,日野町,null,3884
岐阜県,大垣市,null,169980
山口県,周南市,null,154999
富山県,黒部市,null,44080
北海道,洞爺湖町,null,10505
福井県,おおい町,null,9032
鳥取県,鳥取市,null,204660
福岡県,朝倉市,null,59313
北海道,幌加内町,null,1772
北海道,京極町,null,4007
北海道,猿払村,null,2927
青森県,八戸市,null,249778
大阪府,大阪市,西淀川区,101005
岡山県,高梁市,null,36742
京都府,京田辺市,null,70334
秋田県,能代市,null,62077
山形県,酒田市,null,115105
長崎県,島原市,null,49847
青森県,三沢市,null,42721
広島県,大崎上島町,null,8870
和歌山県,みなべ町,null,13945
和歌山県,北山村,null,510
北海道,鹿追町,null,5903
三重県,四日市市,null,318553
北海道,厚沢部町,null,4515
沖縄県,竹富町,null,3994
埼玉県,さいたま市,浦和区,148226
静岡県,下田市,null,25881
広島県,府中町,null,51632
愛知県,設楽町,null,5969
大分県,中津市,null,86301
福島県,福島市,null,302693
高知県,宿毛市,null,23137
奈良県,川上村,null,1699
広島県,府中市,null,43554
山口県,柳井市,null,35913
島根県,浜田市,null,63147
北海道,富良野市,null,25083
高知県,仁淀川町,null,6649
奈良県,天川村,null,1625
福井県,越前市,null,87571
北海道,更別村,null,3505
兵庫県,神戸市,長田区,103920
長野県,小海町,null,5352
岐阜県,白川村,null,1772
北海道,石狩市,null,61412
高知県,芸西村,null,4139
北海道,別海町,null,16375
愛知県,長久手町,null,53188
大阪府,大阪市,西成区,125958
福井県,美浜町,null,10799
沖縄県,浦添市,null,113936
岩手県,二戸市,null,30359
熊本県,長洲町,null,17131
北海道,鶴居村,null,2685
大阪府,東大阪市,null,526015
秋田県,横手市,null,100511
北海道,天塩町,null,3902
大分県,大分市,null,484375
高知県,四万十市,null,37078
北海道,三笠市,null,10439
岐阜県,美濃加茂市,null,56467
新潟県,柏崎市,null,93392
京都府,南丹市,null,36329
青森県,五所川原市,null,59660
長崎県,長崎市,null,457780
北海道,寿都町,null,3516
群馬県,明和町,null,11561
東京都,小笠原村,null,2844
北海道,津別町,null,5822
北海道,上士幌町,null,5187
茨城県,東海村,null,38601
宮崎県,宮崎市,null,408964
熊本県,熊本市,null,757093
三重県,亀山市,null,52074
北海道,芽室町,null,19480
東京都,利島村,null,348
岩手県,大船渡市,null,41963
三重県,川越町,null,14288
北海道,豊頃町,null,3496
愛知県,名古屋市,瑞穂区,107199
宮城県,仙台市,若林区,136282
千葉県,大多喜町,null,10888
長野県,坂城町,null,16201
兵庫県,豊岡市,null,87326
徳島県,三好市,null,30844
愛媛県,新居浜市,null,124200
北海道,興部町,null,4429
東京都,御蔵島村,null,355
北海道,斜里町,null,13432
宮崎県,椎葉村,null,3154
岡山県,備前市,null,38953
北海道,本別町,null,8438
群馬県,高崎市,null,382208
静岡県,小山町,null,21032
北海道,仁木町,null,3911
北海道,新得町,null,6779
北海道,標津町,null,5810
北海道,留萌市,null,24916
沖縄県,座間味村,null,890
山口県,下松市,null,56043
三重県,津市,null,293965
北海道,幌延町,null,2727
高知県,高知市,null,353217
愛媛県,八幡浜市,null,39078
沖縄県,北大東村,null,684
福島県,棚倉町,null,15339
群馬県,千代田町,null,11796
兵庫県,加西市,null,48874
北海道,音威子府村,null,1023
佐賀県,吉野ヶ里町,null,16705
北海道,大空町,null,8156
秋田県,湯沢市,null,51766
三重県,尾鷲市,null,20596
熊本県,菊池市,null,51096
大分県,竹田市,null,25109
愛知県,常滑市,null,55841
福井県,小浜市,null,32213
熊本県,苓北町,null,8462
北海道,佐呂間町,null,6054
静岡県,静岡市,駿河区,216850
愛知県,安城市,null,183592
鹿児島県,薩摩川内市,null,101360
熊本県,錦町,null,11378
長野県,平谷村,null,573
北海道,函館市,null,286732
鹿児島県,霧島市,null,129751
北海道,浦河町,null,14781
青森県,青森市,null,304698
北海道,利尻町,null,2659
静岡県,磐田市,null,171536
鹿児島県,志布志市,null,33914
北海道,湧別町,null,10214
福島県,金山町,null,2527
滋賀県,彦根市,null,114070
北海道,砂川市,null,19559
奈良県,天理市,null,70352
岡山県,津山市,null,109600
北海道,下川町,null,3838
山形県,長井市,null,30241
福井県,敦賀市,null,68887
静岡県,浜松市,北区,97144
岩手県,宮古市,null,60406
広島県,大竹市,null,29583
広島県,三次市,null,57518
新潟県,長岡市,null,289952
埼玉県,さいたま市,岩槻区,113066
長野県,上田市,null,163649
宮城県,七ヶ宿町,null,1721
千葉県,鴨川市,null,36668
鹿児島県,さつま町,null,24493
宮城県,角田市,null,32121
北海道,小樽市,null,134026
沖縄県,渡嘉敷村,null,779
広島県,三原市,null,102105
北海道,清水町,null,10208
沖縄県,北谷町,null,27696
北海道,東川町,null,8051
秋田県,大館市,null,80192
愛媛県,久万高原町,null,9879
石川県,穴水町,null,9888
愛知県,東海市,null,110307
北海道,真狩村,null,2223
宮崎県,高千穂町,null,13933
岩手県,一関市,null,119580
岩手県,久慈市,null,37430
滋賀県,栗東市,null,64183
沖縄県,東村,null,1821
新潟県,粟島浦村,null,369
大阪府,大阪市,東成区,81431
新潟県,小千谷市,null,38916
沖縄県,大宜味村,null,3269
埼玉県,美里町,null,11697
岐阜県,高山市,null,94121
島根県,吉賀町,null,6863
鹿児島県,鹿児島市,null,614759
埼玉県,本庄市,null,82525
愛媛県,宇和島市,null,85447
兵庫県,朝来市,null,33058
北海道,浜頓別町,null,4229
大分県,日田市,null,71464
北海道,網走市,null,41591
沖縄県,多良間村,null,1240
香川県,琴平町,null,10111
北海道,奥尻町,null,3055
北海道,赤平市,null,12816
島根県,益田市,null,50377
福岡県,豊前市,null,27405
愛知県,西尾市,null,107592
鹿児島県,中種子町,null,8816
徳島県,那賀町,null,9385
愛知県,幸田町,null,38451
福岡県,八女市,null,69532
広島県,安芸太田町,null,7354
山梨県,北杜市,null,47289
和歌山県,田辺市,null,80196
新潟県,燕市,null,82419
岩手県,岩泉町,null,10951
兵庫県,高砂市,null,94513
愛媛県,松山市,null,524142
北海道,羅臼町,null,5923
長崎県,佐世保市,null,264519
高知県,土佐町,null,4386
東京都,三宅村,null,2711
富山県,魚津市,null,45242
山形県,小国町,null,8976
沖縄県,与那国町,null,1667
富山県,高岡市,null,178300
福岡県,久留米市,null,304186
宮崎県,延岡市,null,132850
山梨県,身延町,null,14545
石川県,小松市,null,109758
岩手県,一戸町,null,14268
北海道,標茶町,null,8386
沖縄県,久米島町,null,8567
鹿児島県,十島村,null,665
福島県,白河市,null,65067
鹿児島県,鹿屋市,null,106349
兵庫県,西脇市,null,43042
広島県,広島市,西区,189255
北海道,雄武町,null,4966
京都府,綾部市,null,36265
群馬県,富岡市,null,52351
福島県,三島町,null,1949
北海道,浜中町,null,6546
北海道,森町,null,18072
群馬県,上野村,null,1313
北海道,足寄町,null,7721
北海道,旭川市,null,348932
鹿児島県,天城町,null,6732
長野県,伊那市,null,71446
愛媛県,今治市,null,168495
栃木県,真岡市,null,82695
北海道,栗山町,null,13497
沖縄県,南大東村,null,1449
和歌山県,湯浅町,null,13365
山梨県,富士河口湖町,null,25593
岩手県,矢巾町,null,27522
鹿児島県,三島村,null,420
大阪府,守口市,null,148401
北海道,釧路市,null,182016
兵庫県,姫路市,null,542402
北海道,根室市,null,29337
北海道,礼文町,null,3113
福島県,西郷村,null,19859
山口県,山口市,null,198863
北海道,滝上町,null,3042
熊本県,阿蘇市,null,28766
広島県,海田町,null,28606
大阪府,大東市,null,128974
北海道,稚内市,null,39775
山梨県,中央市,null,31675
島根県,飯南町,null,5559
鹿児島県,知名町,null,6880
福島県,南会津町,null,17942
栃木県,小山市,null,166226
広島県,福山市,null,463356
鹿児島県,南さつま市,null,39121
秋田県,にかほ市,null,27661
広島県,庄原市,null,40677
石川県,輪島市,null,29981
長崎県,諫早市,null,142246
北海道,せたな町,null,9628
徳島県,つるぎ町,null,10601
鹿児島県,南九州市,null,39217
石川県,珠洲市,null,16472
愛知県,名古屋市,南区,141832
宮城県,村田町,null,12121
埼玉県,滑川町,null,17386
沖縄県,伊是名村,null,1605
福島県,矢吹町,null,18472
北海道,深川市,null,23945
静岡県,掛川市,null,116771
北海道,名寄市,null,30895
沖縄県,粟国村,null,866
愛媛県,四国中央市,null,91079
東京都,大島町,null,8490
栃木県,上三川町,null,31931
鹿児島県,瀬戸内町,null,9907
茨城県,常総市,null,65945
東京都,八丈町,null,8258
北海道,中川町,null,1925
北海道,平取町,null,5614
北海道,弟子屈町,null,8356
東京都,神津島村,null,1895
山形県,鶴岡市,null,137881
愛知県,大府市,null,85517
宮城県,石巻市,null,162288
岡山県,奈義町,null,6103
北海道,長万部町,null,6444
鹿児島県,屋久島町,null,13625
山口県,宇部市,null,175324
沖縄県,伊江村,null,4749
福岡県,飯塚市,null,132654
東京都,新島村,null,2890
北海道,新ひだか町,null,25643
福岡県,北九州市,若松区,85368
愛媛県,大洲市,null,47569
新潟県,上越市,null,204356
鹿児島県,奄美市,null,46518
鹿児島県,喜界町,null,8187
青森県,十和田市,null,66670
島根県,海士町,null,2379
鹿児島県,出水市,null,55736
長野県,阿智村,null,7012
高知県,安芸市,null,19587
福岡県,大川市,null,37320
福島県,昭和村,null,1503
東京都,八王子市,null,578039
熊本県,多良木町,null,10573
沖縄県,伊平屋村,null,1380
北海道,美瑛町,null,10975
北海道,黒松内町,null,3238
新潟県,佐渡市,null,62832
神奈川県,平塚市,null,259777
徳島県,阿南市,null,76182
北海道,長沼町,null,11645
島根県,隠岐の島町,null,15545
大分県,佐伯市,null,76636
沖縄県,宮古島市,null,52115
青森県,東通村,null,7222
熊本県,八代市,null,132456
鹿児島県,西之表市,null,16880
北海道,白老町,null,19399
徳島県,海陽町,null,10402
北海道,八雲町,null,18918
新潟県,南魚沼市,null,61363
高知県,四万十町,null,18754
北海道,妹背牛町,null,3447
長崎県,対馬市,null,34443
宮崎県,日南市,null,57430
北海道,美深町,null,5183
長崎県,西海市,null,31028
滋賀県,愛荘町,null,20136
和歌山県,串本町,null,18161
北海道,苫小牧市,null,173468
福島県,只見町,null,4908
福島県,相馬市,null,37848
静岡県,富士市,null,252788
鹿児島県,与論町,null,5331
福島県,いわき市,null,340569
香川県,小豆島町,null,16164
北海道,滝川市,null,42955
福島県,本宮市,null,31509
青森県,西目屋村,null,1586
北海道,羽幌町,null,7969
岐阜県,岐南町,null,23682
岐阜県,関市,null,91473
北海道,枝幸町,null,9073
山口県,美祢市,null,28647
北海道,厚岸町,null,10569
北海道,苫前町,null,3658
鹿児島県,和泊町,null,7072
長崎県,小値賀町,null,2850
兵庫県,養父市,null,26344
長野県,佐久市,null,100582
北海道,北竜町,null,2180
北海道,紋別市,null,24757
広島県,尾道市,null,144320
長崎県,壱岐市,null,29383
山口県,周防大島町,null,18964
高知県,檮原町,null,3984
静岡県,袋井市,null,84286
長野県,飯山市,null,23543
長野県,岡谷市,null,52486
北海道,えりも町,null,5412
北海道,陸別町,null,2631
北海道,置戸町,null,3427
島根県,知夫村,null,652
長野県,箕輪町,null,26206
山形県,寒河江市,null,42047
北海道,由仁町,null,5894
三重県,玉城町,null,15179
宮城県,気仙沼市,null,73460
香川県,観音寺市,null,62204
福岡県,福岡市,東区,292082
秋田県,大仙市,null,87615
栃木県,佐野市,null,121197
大分県,豊後高田市,null,23719
青森県,三戸町,null,11294
北海道,美唄市,null,25829
北海道,北見市,null,125627
佐賀県,大町町,null,7309
香川県,善通寺市,null,33799
京都府,舞鶴市,null,87944
岐阜県,美濃市,null,22616
長崎県,時津町,null,29859
宮崎県,小林市,null,48239
北海道,むかわ町,null,9664
茨城県,大洗町,null,18314
島根県,斐川町,null,27456
長野県,大町市,null,29777
岐阜県,中津川市,null,80202
沖縄県,金武町,null,11056
北海道,初山別村,null,1357
神奈川県,横浜市,神奈川区,233168
新潟県,新潟市,江南区,68747
高知県,大豊町,null,4713
静岡県,浜松市,南区,101468
島根県,西ノ島町,null,3132
秋田県,北秋田市,null,36057
鹿児島県,南種子町,null,6210
鹿児島県,南大隅町,null,8734
沖縄県,宜野座村,null,5323
長野県,塩尻市,null,67032
鳥取県,境港市,null,35204
新潟県,糸魚川市,null,47248
熊本県,南関町,null,10546
鹿児島県,伊佐市,null,29019
北海道,士別市,null,21747
北海道,木古内町,null,5288
沖縄県,石垣市,null,46835
熊本県,南小国町,null,4384
奈良県,野迫川村,null,523
愛知県,碧南市,null,71285
長崎県,松浦市,null,25096
鹿児島県,阿久根市,null,22917
熊本県,天草市,null,88889
福島県,富岡町,null,15837
三重県,伊勢市,null,130010
静岡県,西伊豆町,null,9368
和歌山県,白浜町,null,22649
長野県,中野市,null,45148
宮崎県,えびの市,null,21558
岡山県,倉敷市,null,470398
長崎県,五島市,null,40523
北海道,利尻富士町,null,3003
宮崎県,日向市,null,63065
北海道,知内町,null,5017
北海道,雨竜町,null,3041
群馬県,伊勢崎市,null,204878
北海道,日高町,null,13576
青森県,むつ市,null,60368
広島県,安芸高田市,null,31393
栃木県,矢板市,null,34938
北海道,古平町,null,3600
静岡県,浜松市,東区,125152
長野県,阿南町,null,5437
岩手県,西和賀町,null,6526
岐阜県,下呂市,null,36193
徳島県,板野町,null,14074
愛知県,日進市,null,83955
北海道,遠軽町,null,22002
鹿児島県,指宿市,null,43866
新潟県,十日町市,null,57800
秋田県,仙北市,null,29204
石川県,羽咋市,null,22595
広島県,東広島市,null,187779
島根県,大田市,null,37272
新潟県,津南町,null,10746
兵庫県,稲美町,null,30434
愛知県,半田市,null,117337
大阪府,大阪市,都島区,100668
沖縄県,沖縄市,null,128607
長野県,茅野市,null,55306
熊本県,山都町,null,16766
北海道,鹿部町,null,4675
長野県,川上村,null,4909
北海道,和寒町,null,3758
北海道,札幌市,白石区,201654
大分県,別府市,null,122959
兵庫県,相生市,null,30759
北海道,西興部村,null,1113
東京都,大田区,null,684451
北海道,中標津町,null,23516
福島県,広野町,null,5348
福井県,高浜町,null,10845
徳島県,牟岐町,null,4763
群馬県,川場村,null,3821
高知県,北川村,null,1349
北海道,浦臼町,null,2162
福岡県,北九州市,門司区,103070
福島県,南相馬市,null,69455
埼玉県,熊谷市,null,200405
高知県,室戸市,null,14904
北海道,愛別町,null,3282
兵庫県,神戸市,灘区,130753
埼玉県,東松山市,null,88847
新潟県,新発田市,null,99146
群馬県,館林市,null,77510
長野県,白馬村,null,9017
大阪府,吹田市,null,350816
青森県,外ヶ浜町,null,6944
広島県,呉市,null,236596
島根県,邑南町,null,11714
東京都,多摩市,null,145569
北海道,今金町,null,6059
宮城県,白石市,null,36894
岩手県,住田町,null,6062
山口県,下関市,null,276979
岐阜県,郡上市,null,43555
兵庫県,佐用町,null,18992
静岡県,森町,null,19026
兵庫県,小野市,null,48973
京都府,宇治田原町,null,9506
群馬県,嬬恋村,null,10036
千葉県,君津市,null,87280
香川県,土庄町,null,14904
高知県,奈半利町,null,3467
滋賀県,長浜市,null,122326
長崎県,大村市,null,88600
熊本県,小国町,null,7761
大阪府,河南町,null,16679
北海道,浦幌町,null,5379
愛知県,豊橋市,null,368658
高知県,土佐清水市,null,15786
岡山県,吉備中央町,null,12753
山梨県,富士吉田市,null,49845
北海道,豊富町,null,4283
静岡県,御殿場市,null,87651
福島県,北塩原村,null,3115
静岡県,静岡市,清水区,243909
香川県,多度津町,null,22980
北海道,遠別町,null,3036
沖縄県,渡名喜村,null,442
千葉県,浦安市,null,162294
佐賀県,武雄市,null,49576
埼玉県,さいたま市,中央区,94538
宮城県,岩沼市,null,43204
愛媛県,上島町,null,7524
岡山県,里庄町,null,10672
岡山県,真庭市,null,48168
北海道,芦別市,null,16256
島根県,出雲市,null,141449
静岡県,清水町,null,31578
大阪府,大阪市,生野区,131818
神奈川県,鎌倉市,null,170398
大分県,玖珠町,null,16775
神奈川県,愛川町,null,41140
滋賀県,甲賀市,null,91171
北海道,剣淵町,null,3484
山口県,長門市,null,37714
福島県,石川町,null,17370
大分県,由布市,null,34126
長野県,須坂市,null,50979
北海道,上富良野町,null,11353
秋田県,由利本荘市,null,83280
長崎県,新上五島町,null,21706
鹿児島県,湧水町,null,11327
山口県,萩市,null,52845
群馬県,沼田市,null,50077
北海道,沼田町,null,3551
鹿児島県,枕崎市,null,23089
長野県,上松町,null,5156
山梨県,小菅村,null,797
北海道,池田町,null,7399
熊本県,和水町,null,10983
青森県,田子町,null,6069
長崎県,平戸市,null,34073
北海道,広尾町,null,7745
埼玉県,八潮市,null,80999
山口県,防府市,null,114573
新潟県,刈羽村,null,4685
佐賀県,鹿島市,null,30183
栃木県,鹿沼市,null,99873
千葉県,銚子市,null,68976
新潟県,妙高市,null,34594
山口県,岩国市,null,141322
静岡県,東伊豆町,null,13721
宮崎県,高鍋町,null,21344
岩手県,遠野市,null,28612
群馬県,昭和村,null,7483
長野県,小諸市,null,42907
奈良県,五條市,null,33840
新潟県,村上市,null,64759
千葉県,多古町,null,15714
愛知県,犬山市,null,73304
熊本県,宇城市,null,60755
鹿児島県,錦江町,null,8760
北海道,中頓別町,null,1938
岡山県,新見市,null,33012
北海道,ニセコ町,null,4735
東京都,国立市,null,73597
宮城県,栗原市,null,73562
埼玉県,羽生市,null,54772
沖縄県,本部町,null,13616
徳島県,美馬市,null,31654
群馬県,桐生市,null,119463
愛媛県,西条市,null,109225
大阪府,堺市,西区,131131
滋賀県,野洲市,null,48673
宮城県,大崎市,null,132614
宮崎県,美郷町,null,6087
北海道,北広島市,null,58795
島根県,江津市,null,24787
京都府,京都市,伏見区,276715
東京都,府中市,null,246380
大分県,津久見市,null,19393
大分県,豊後大野市,null,38041
茨城県,ひたちなか市,null,152891
兵庫県,三木市,null,78098
北海道,清里町,null,4429
兵庫県,淡路市,null,44772
京都府,京丹後市,null,57448
兵庫県,神戸市,東灘区,202756
秋田県,鹿角市,null,33529
神奈川県,横浜市,都筑区,193939
青森県,鰺ヶ沢町,null,11133
岩手県,花巻市,null,97731
北海道,小清水町,null,5207
北海道,岩見沢市,null,86846
長野県,小谷村,null,3130
北海道,当別町,null,18078
和歌山県,古座川町,null,3015
茨城県,下妻市,null,43334
千葉県,東金市,null,59999
千葉県,木更津市,null,124514
岩手県,奥州市,null,121198
島根県,安来市,null,40278
高知県,本山町,null,3986
石川県,白山市,null,106338
埼玉県,川越市,null,332876
北海道,余市町,null,20464
栃木県,足利市,null,150105
沖縄県,南風原町,null,33924
和歌山県,かつらぎ町,null,17703
宮崎県,串間市,null,19682
奈良県,東吉野村,null,2081
岐阜県,関ケ原町,null,7790
徳島県,美波町,null,7538
山口県,山陽小野田市,null,62108
岡山県,美作市,null,29605
徳島県,鳴門市,null,59181
宮崎県,日之影町,null,4332
三重県,松阪市,null,161640
鹿児島県,いちき串木野市,null,30226
茨城県,境町,null,24737
岡山県,玉野市,null,62683
宮城県,加美町,null,24554
福島県,喜多方市,null,50801
北海道,福島町,null,4919
富山県,南砺市,null,53096
千葉県,長柄町,null,7727
山形県,尾花沢市,null,18390
北海道,増毛町,null,4883
岐阜県,本巣市,null,34001
広島県,神石高原町,null,9952
熊本県,玉名市,null,67452
長野県,天龍村,null,1593
山形県,天童市,null,60344
青森県,深浦町,null,9312
宮崎県,川南町,null,16495
宮崎県,西都市,null,31338
石川県,志賀町,null,21542
岩手県,田野畑村,null,3692
大分県,宇佐市,null,57214
岐阜県,恵那市,null,51600
高知県,香美市,null,27891
宮城県,登米市,null,80620
愛媛県,鬼北町,null,11273
奈良県,吉野町,null,8296
福島県,玉川村,null,7006
埼玉県,伊奈町,null,40792
愛媛県,愛南町,null,23305
兵庫県,赤穂市,null,48486
静岡県,三島市,null,108295
岐阜県,飛騨市,null,25651
兵庫県,尼崎市,null,439358
新潟県,阿賀町,null,12765
愛媛県,西予市,null,40738
愛知県,東栄町,null,3604
青森県,野辺地町,null,13854
鹿児島県,大崎町,null,13636
兵庫県,新温泉町,null,15486
富山県,砺波市,null,47390
北海道,訓子府町,null,5259
北海道,秩父別町,null,2617
静岡県,伊東市,null,69118
東京都,日の出町,null,15959
宮城県,蔵王町,null,12463
東京都,北区,null,321581
島根県,奥出雲町,null,13983
神奈川県,綾瀬市,null,79696
千葉県,茂原市,null,89967
広島県,竹原市,null,27448
熊本県,山鹿市,null,53552
岡山県,井原市,null,42091
石川県,加賀市,null,69486
神奈川県,川崎市,幸区,147704
栃木県,栃木市,null,134595
長野県,宮田村,null,8595
茨城県,筑西市,null,104888
和歌山県,有田川町,null,26014
北海道,札幌市,北区,269420
宮城県,名取市,null,70000
北海道,小平町,null,3592
大阪府,八尾市,null,259814
山梨県,都留市,null,32453
山口県,上関町,null,3188
佐賀県,唐津市,null,122634
静岡県,川根本町,null,7725
熊本県,高森町,null,6488
兵庫県,上郡町,null,15916
三重県,紀北町,null,17977
鹿児島県,垂水市,null,16501
滋賀県,豊郷町,null,7307
沖縄県,国頭村,null,4963
埼玉県,秩父市,null,64661
岩手県,軽米町,null,9766
神奈川県,小田原市,null,191520
石川県,能登町,null,18711
兵庫県,南あわじ市,null,48118
高知県,越知町,null,6095
長野県,南木曽町,null,4644
広島県,世羅町,null,16780
大分県,杵築市,null,30973
福岡県,筑後市,null,46378
福岡県,粕屋町,null,40543
熊本県,あさぎり町,null,15905
愛知県,弥富市,null,41770
兵庫県,丹波市,null,64761
茨城県,小美玉市,null,50463
新潟県,胎内市,null,30034
青森県,横浜町,null,4710
群馬県,片品村,null,4687
熊本県,上天草市,null,28854
兵庫県,たつの市,null,76947
北海道,美幌町,null,20818
北海道,島牧村,null,1702
北海道,松前町,null,8440
香川県,丸亀市,null,105518
山口県,阿武町,null,3611
愛知県,新城市,null,47617
新潟県,魚沼市,null,38537
栃木県,西方町,null,6170
福岡県,北九州市,八幡西区,245395
静岡県,松崎町,null,7241
福島県,矢祭町,null,6059
島根県,雲南市,null,39648
滋賀県,日野町,null,21825
岡山県,矢掛町,null,14274
岡山県,笠岡市,null,51731
北海道,神恵内村,null,1061
奈良県,川西町,null,8255
神奈川県,松田町,null,11041
長野県,栄村,null,2113
群馬県,下仁田町,null,8426
北海道,蘭越町,null,5048
岩手県,九戸村,null,6152
静岡県,長泉町,null,38877
愛知県,津島市,null,61676
北海道,伊達市,null,34597
長野県,根羽村,null,1067
鳥取県,日南町,null,5207
熊本県,芦北町,null,18254
静岡県,伊豆の国市,null,46985
群馬県,東吾妻町,null,14762
群馬県,渋川市,null,79440
鹿児島県,日置市,null,48019
佐賀県,有田町,null,19949
福井県,あわら市,null,28333
静岡県,南伊豆町,null,9068
群馬県,中之条町,null,17209
千葉県,匝瑳市,null,37938
島根県,津和野町,null,7961
富山県,射水市,null,89145
高知県,東洋町,null,2784
栃木県,日光市,null,85780
広島県,江田島市,null,25532
佐賀県,上峰町,null,8785
千葉県,長南町,null,8568
愛知県,稲沢市,null,129944
福島県,二本松市,null,56529
岩手県,葛巻町,null,6956
大阪府,大阪市,東淀川区,166654
三重県,御浜町,null,8929
岡山県,鏡野町,null,12816
鹿児島県,曽於市,null,37346
佐賀県,嬉野市,null,27349
熊本県,産山村,null,1529
和歌山県,すさみ町,null,4463
鹿児島県,肝付町,null,16337
兵庫県,香美町,null,18584
愛知県,豊川市,null,173200
宮城県,南三陸町,null,16443
静岡県,御前崎市,null,33034
山口県,和木町,null,6017
山口県,光市,null,50450
福島県,須賀川市,null,74779
大分県,九重町,null,9917
兵庫県,宍粟市,null,38618
香川県,東かがわ市,null,31996
宮城県,大河原町,null,22195
和歌山県,海南市,null,52118
岐阜県,揖斐川町,null,22434
静岡県,菊川市,null,44752
神奈川県,寒川町,null,44951
長野県,売木村,null,624
静岡県,焼津市,null,135069
大分県,臼杵市,null,39443
三重県,大台町,null,9820
長野県,東御市,null,29194
沖縄県,宜野湾市,null,86659
長野県,大桑村,null,3941
東京都,荒川区,null,191626
東京都,奥多摩町,null,5747
鹿児島県,東串良町,null,6411
栃木県,那須塩原市,null,111982
山梨県,上野原市,null,25555
千葉県,勝浦市,null,19758
青森県,佐井村,null,2282
長野県,王滝村,null,917
長野県,南箕輪村,null,13696
奈良県,黒滝村,null,798
福岡県,古賀市,null,54543
北海道,札幌市,東区,243059
茨城県,坂東市,null,52842
埼玉県,深谷市,null,137372
長崎県,雲仙市,null,44489
北海道,様似町,null,4857
沖縄県,与那原町,null,15366
愛媛県,松前町,null,28819
熊本県,南阿蘇村,null,11273
新潟県,新潟市,南区,44565
山梨県,丹波山村,null,645
北海道,新冠町,null,5480
静岡県,浜松市,天竜区,31972
福島県,西会津町,null,6989
兵庫県,篠山市,null,40719
群馬県,みなかみ町,null,20250
和歌山県,有田市,null,28783
大阪府,泉南市,null,61087
新潟県,新潟市,北区,73008
福島県,小野町,null,10625
北海道,中富良野町,null,5151
岩手県,八幡平市,null,27198
岩手県,藤沢町,null,8523
奈良県,御所市,null,28718
岡山県,岡山市,東区,91134
新潟県,加茂市,null,28219
静岡県,伊豆市,null,32147
千葉県,市原市,null,265874
神奈川県,横浜市,港北区,309610
北海道,恵庭市,null,65782
福井県,若狭町,null,15128
岐阜県,安八町,null,14478
岡山県,瀬戸内市,null,35568
青森県,七戸町,null,15886
北海道,喜茂別町,null,2339
奈良県,高取町,null,7258
埼玉県,狭山市,null,146279
富山県,小矢部市,null,30394
山梨県,笛吹市,null,66244
三重県,鈴鹿市,null,188868
愛知県,岡崎市,null,349671
鹿児島県,龍郷町,null,5760
埼玉県,神川町,null,13584
滋賀県,湖南市,null,51729
青森県,黒石市,null,33914
北海道,岩内町,null,13685
岡山県,岡山市,南区,157412
兵庫県,神戸市,西区,236071
長崎県,南島原市,null,47260
静岡県,富士宮市,null,124975
沖縄県,糸満市,null,53776
青森県,つがる市,null,35260
北海道,豊浦町,null,4248
奈良県,奈良市,null,346965
福島県,塙町,null,9271
長野県,下諏訪町,null,20378
埼玉県,戸田市,null,115434
福井県,鯖江市,null,63833
福岡県,太宰府市,null,66103
和歌山県,上富田町,null,13887
栃木県,那須烏山市,null,27116
和歌山県,那智勝浦町,null,16017
静岡県,浜松市,浜北区,84559
福島県,会津坂下町,null,16275
福岡県,鞍手町,null,15855
長野県,辰野町,null,19599
神奈川県,大井町,null,16672
山形県,南陽市,null,31538
大阪府,忠岡町,null,16830
香川県,さぬき市,null,49656
熊本県,益城町,null,30295
秋田県,男鹿市,null,30256
香川県,三豊市,null,63506
長野県,御代田町,null,13802
和歌山県,日高川町,null,9741
三重県,朝日町,null,9014
岐阜県,土岐市,null,56041
愛知県,高浜市,null,41217
東京都,世田谷区,null,812810
山形県,村山市,null,25097
神奈川県,伊勢原市,null,93615
福島県,鏡石町,null,11993
福岡県,柳川市,null,66122
群馬県,藤岡市,null,63605
新潟県,新潟市,西区,149392
鳥取県,琴浦町,null,17338
岐阜県,東白川村,null,2327
滋賀県,高島市,null,49105
大分県,姫島村,null,2026
大阪府,大阪市,平野区,187089
大阪府,茨木市,null,254351
石川県,野々市町,null,48534
山形県,河北町,null,18472
茨城県,常陸大宮市,null,42260
茨城県,行方市,null,34802
神奈川県,横浜市,金沢区,195740
岩手県,岩手町,null,13864
栃木県,さくら市,null,41859
岡山県,久米南町,null,4900
高知県,土佐市,null,26818
茨城県,高萩市,null,28683
滋賀県,東近江市,null,107956
千葉県,旭市,null,63844
沖縄県,うるま市,null,109341
埼玉県,小鹿野町,null,12421
愛知県,蒲郡市,null,76859
沖縄県,北中城村,null,14746
大阪府,池田市,null,97397
茨城県,稲敷市,null,43349
長崎県,波佐見町,null,14228
愛知県,南知多町,null,18995
京都府,京都市,右京区,189617
石川県,能美市,null,44990
静岡県,島田市,null,93690
徳島県,小松島市,null,37535
岐阜県,笠松町,null,21305
岡山県,総社市,null,61177
千葉県,袖ケ浦市,null,56371
高知県,三原村,null,1553
鹿児島県,長島町,null,10369
秋田県,五城目町,null,9715
茨城県,美浦村,null,16152
宮城県,涌谷町,null,16158
富山県,滑川市,null,31440
埼玉県,皆野町,null,10056
徳島県,勝浦町,null,5382
大阪府,堺市,中区,114077
大阪府,大阪市,旭区,86277
北海道,上ノ国町,null,5012
東京都,羽村市,null,53221
佐賀県,基山町,null,16458
佐賀県,多久市,null,19966
徳島県,神山町,null,5571
北海道,上砂川町,null,3811
北海道,新十津川町,null,6685
福岡県,広川町,null,18889
東京都,武蔵村山市,null,64590
神奈川県,相模原市,中央区,249001
宮崎県,新富町,null,16681
岡山県,和気町,null,14324
千葉県,千葉市,稲毛区,145397
福島県,双葉町,null,6462
埼玉県,坂戸市,null,93721
神奈川県,藤沢市,null,381834
東京都,板橋区,null,493747
長野県,松川町,null,12747
京都府,伊根町,null,2220
岐阜県,各務原市,null,135699
京都府,長岡京市,null,73548
岐阜県,輪之内町,null,9345
京都府,京丹波町,null,14487
茨城県,古河市,null,133248
滋賀県,大津市,null,310912
三重県,志摩市,null,50947
新潟県,新潟市,西蒲区,55926
奈良県,橿原市,null,116978
岐阜県,可児市,null,89713
青森県,今別町,null,2996
愛知県,吉良町,null,20530
茨城県,大子町,null,18694
群馬県,安中市,null,56233
新潟県,新潟市,東区,128608
宮城県,柴田町,null,36217
福島県,川俣町,null,14496
愛知県,清須市,null,60523
愛媛県,内子町,null,16790
佐賀県,江北町,null,8757
熊本県,菊陽町,null,35106
長野県,信濃町,null,8502
山口県,平生町,null,12550
福島県,猪苗代町,null,14543
神奈川県,開成町,null,15225
茨城県,結城市,null,48287
北海道,釧路町,null,19088
埼玉県,日高市,null,52860
千葉県,野田市,null,144581
神奈川県,横浜市,鶴見区,250323
高知県,日高村,null,5063
長野県,安曇野市,null,88705
熊本県,甲佐町,null,10392
愛知県,豊明市,null,64125
岐阜県,白川町,null,8857
島根県,美郷町,null,4919
北海道,共和町,null,5974
神奈川県,海老名市,null,117350
青森県,中泊町,null,11842
沖縄県,今帰仁村,null,8506
埼玉県,川島町,null,20580
東京都,中野区,null,289176
岩手県,雫石町,null,16757
茨城県,阿見町,null,44043
高知県,大月町,null,5373
千葉県,富津市,null,44141
和歌山県,紀美野町,null,9654
三重県,南伊勢町,null,13581
三重県,桑名市,null,130289
三重県,大紀町,null,9039
鹿児島県,伊仙町,null,6356
福井県,大野市,null,32394
福岡県,香春町,null,10724
長野県,池田町,null,9368
山形県,川西町,null,15886
山梨県,南アルプス市,null,65877
青森県,新郷村,null,2615
岡山県,早島町,null,11077
徳島県,吉野川市,null,40367
茨城県,鉾田市,null,45478
茨城県,北茨城市,null,43099
埼玉県,加須市,null,104242
埼玉県,さいたま市,北区,127046
福島県,飯舘村,null,5628
大阪府,高石市,null,54572
福岡県,小竹町,null,7796
大阪府,大阪市,住吉区,142489
福島県,古殿町,null,5459
和歌山県,由良町,null,5957
群馬県,板倉町,null,14214
福岡県,東峰村,null,2226
岐阜県,御嵩町,null,17029
福岡県,みやこ町,null,19739
大阪府,松原市,null,112696
大阪府,泉大津市,null,70946
栃木県,壬生町,null,35817
岐阜県,坂祝町,null,7649
愛知県,瀬戸市,null,119546
鳥取県,智頭町,null,7059
鹿児島県,姶良市,null,67611
岐阜県,瑞浪市,null,36938
大阪府,大阪市,城東区,149853
宮崎県,国富町,null,19123
茨城県,茨城町,null,31184
香川県,綾川町,null,22521
福岡県,うきは市,null,28586
愛知県,春日井市,null,279399
岐阜県,富加町,null,4983
長野県,千曲市,null,56746
宮城県,塩竈市,null,51027
佐賀県,神埼市,null,30072
青森県,五戸町,null,16902
静岡県,藤枝市,null,129928
兵庫県,三田市,null,103098
熊本県,相良村,null,4509
青森県,平川市,null,30459
秋田県,上小阿仁村,null,2492
愛媛県,伊予市,null,34295
長崎県,川棚町,null,13388
佐賀県,太良町,null,8876
神奈川県,山北町,null,10749
青森県,六戸町,null,9235
東京都,青梅市,null,127303
高知県,安田町,null,2678
山形県,上山市,null,30910
佐賀県,みやき町,null,23600
岩手県,陸前高田市,null,21284
宮崎県,綾町,null,6513
高知県,中土佐町,null,6927
北海道,北斗市,null,43300
福岡県,行橋市,null,64358
新潟県,五泉市,null,49147
宮崎県,五ヶ瀬町,null,4042
兵庫県,明石市,null,262138
鳥取県,江府町,null,3085
鹿児島県,大和村,null,1590
宮城県,仙台市,泉区,192794
山梨県,山梨市,null,33171
宮崎県,都農町,null,10167
福島県,伊達市,null,59446
神奈川県,横須賀市,null,381727
宮城県,松島町,null,13578
宮城県,多賀城市,null,57531
北海道,当麻町,null,6376
岩手県,山田町,null,16983
茨城県,桜川市,null,41087
京都府,与謝野町,null,21395
宮崎県,高原町,null,8993
愛知県,北名古屋市,null,74409
鳥取県,三朝町,null,6308
福島県,川内村,null,2572
群馬県,みどり市,null,46666
大阪府,柏原市,null,68195
愛知県,名古屋市,天白区,142765
徳島県,阿波市,null,35792
山形県,飯豊町,null,7141
熊本県,水上村,null,2193
岐阜県,八百津町,null,10828
北海道,積丹町,null,2293
福島県,下郷町,null,5808
青森県,鶴田町,null,13000
埼玉県,鳩山町,null,13758
北海道,札幌市,厚別区,117056
高知県,黒潮町,null,11115
福島県,浪江町,null,19041
岡山県,浅口市,null,32458
兵庫県,伊丹市,null,178488
山梨県,甲州市,null,30491
東京都,町田市,null,388575
千葉県,柏市,null,362941
山形県,最上町,null,8959
秋田県,井川町,null,4934
滋賀県,守山市,null,69654
大阪府,大阪市,東住吉区,117409
佐賀県,白石町,null,23294
宮城県,川崎町,null,8961
千葉県,習志野市,null,149629
宮城県,色麻町,null,6673
茨城県,石岡市,null,72466
東京都,檜原村,null,2297
和歌山県,印南町,null,7824
愛知県,美浜町,null,22607
山梨県,富士川町,null,14817
北海道,札幌市,西区,189655
大阪府,岸和田市,null,181016
北海道,札幌市,豊平区,190442
神奈川県,川崎市,中原区,212534
福岡県,嘉麻市,null,38235
滋賀県,甲良町,null,6813
山梨県,大月市,null,25239
和歌山県,紀の川市,null,59781
静岡県,浜松市,西区,101988
宮城県,大郷町,null,8103
福島県,田村市,null,36270
千葉県,香取市,null,75209
長野県,立科町,null,6913
石川県,かほく市,null,31447
宮崎県,門川町,null,16906
栃木県,下野市,null,53976
福岡県,福岡市,城南区,115358
青森県,東北町,null,17337
群馬県,邑楽町,null,24229
岡山県,岡山市,中区,129061
山形県,鮭川村,null,4359
長崎県,佐々町,null,12339
岩手県,大槌町,null,13695
静岡県,河津町,null,7256
愛知県,名古屋市,中川区,198556
滋賀県,近江八幡市,null,74153
福岡県,北九州市,小倉南区,192448
福井県,勝山市,null,23099
福島県,桑折町,null,11515
青森県,蓬田村,null,2928
長野県,野沢温泉村,null,3395
福岡県,福岡市,早良区,189366
秋田県,八峰町,null,7241
福岡県,福岡市,西区,172935
奈良県,葛城市,null,31582
千葉県,南房総市,null,37664
高知県,香南市,null,29794
滋賀県,米原市,null,35833
愛媛県,砥部町,null,19354
熊本県,合志市,null,49182
千葉県,いすみ市,null,36062
奈良県,田原本町,null,28720
山形県,真室川町,null,8068
東京都,三鷹市,null,166284
熊本県,美里町,null,10023
福島県,新地町,null,7348
東京都,日野市,null,158452
東京都,昭島市,null,100273
奈良県,山添村,null,3614
大阪府,豊中市,null,347467
群馬県,南牧村,null,2132
愛知県,名古屋市,北区,147953
福岡県,福岡市,南区,217392
福岡県,遠賀町,null,17097
大阪府,大阪狭山市,null,51227
高知県,佐川町,null,12447
福岡県,川崎町,null,16057
岩手県,普代村,null,2754
福島県,天栄村,null,5530
北海道,乙部町,null,3931
愛知県,阿久比町,null,22384
青森県,平内町,null,11022
香川県,三木町,null,25019
兵庫県,西宮市,null,430285
和歌山県,広川町,null,6780
長野県,飯島町,null,8826
京都府,宇治市,null,166555
京都府,京都市,山科区,121223
奈良県,河合町,null,16276
広島県,広島市,安佐南区,208242
大阪府,枚方市,null,358077
北海道,比布町,null,3600
富山県,上市町,null,19275
東京都,足立区,null,608632
長野県,山ノ内町,null,12002
福井県,坂井市,null,81813
熊本県,湯前町,null,3838
福岡県,芦屋町,null,13681
宮城県,美里町,null,22097
埼玉県,毛呂山町,null,34759
栃木県,茂木町,null,13173
北海道,江別市,null,110114
福島県,平田村,null,6070
高知県,津野町,null,5702
山口県,田布施町,null,14017
茨城県,八千代町,null,20562
岡山県,新庄村,null,839
福島県,中島村,null,4585
東京都,調布市,null,195986
新潟県,阿賀野市,null,40514
大阪府,富田林市,null,104806
大阪府,貝塚市,null,80467
北海道,札幌市,南区,128223
福岡県,上毛町,null,6980
神奈川県,南足柄市,null,38545
奈良県,下市町,null,6239
奈良県,桜井市,null,52649
奈良県,大淀町,null,17041
千葉県,千葉市,若葉区,132661
茨城県,笠間市,null,70549
福井県,永平寺町,null,18069
山形県,高畠町,null,22232
岐阜県,垂井町,null,24945
神奈川県,清川村,null,3072
埼玉県,越生町,null,10971
東京都,小平市,null,166106
徳島県,石井町,null,22709
山形県,大江町,null,8192
徳島県,東みよし町,null,13156
北海道,鷹栖町,null,6521
京都府,井手町,null,7385
熊本県,宇土市,null,33492
大阪府,藤井寺市,null,57820
鳥取県,北栄町,null,13708
福岡県,築上町,null,17078
新潟県,出雲崎町,null,4354
東京都,杉並区,null,480172
埼玉県,飯能市,null,74107
大阪府,寝屋川市,null,208014
大阪府,大阪市,鶴見区,98541
群馬県,高山村,null,3415
沖縄県,豊見城市,null,50740
神奈川県,相模原市,緑区,153830
福島県,柳津町,null,3552
岩手県,洋野町,null,15636
青森県,板柳町,null,13491
福岡県,筑紫野市,null,87418
山梨県,市川三郷町,null,15153
埼玉県,杉戸町,null,40948
三重県,木曽岬町,null,6070
茨城県,つくばみらい市,null,38797
秋田県,羽後町,null,14866
岡山県,西粟倉村,null,1326
埼玉県,行田市,null,75919
神奈川県,大和市,null,199057
大分県,日出町,null,24972
富山県,入善町,null,23697
栃木県,那珂川町,null,16317
奈良県,曽爾村,null,1652
北海道,歌志内市,null,3880
長崎県,東彼杵町,null,7760
熊本県,御船町,null,15820
新潟県,新潟市,秋葉区,67388
兵庫県,多可町,null,20430
島根県,東出雲町,null,12506
埼玉県,寄居町,null,31623
長野県,木島平村,null,4302
広島県,廿日市市,null,100785
新潟県,見附市,null,36454
岩手県,平泉町,null,7373
埼玉県,ときがわ町,null,10813
岡山県,美咲町,null,13811
千葉県,山武市,null,48837
兵庫県,加古川市,null,235670
岐阜県,多治見市,null,97967
徳島県,北島町,null,19120
神奈川県,横浜市,戸塚区,238630
長野県,高森町,null,11667
愛知県,名古屋市,名東区,139999
熊本県,荒尾市,null,48819
愛媛県,松野町,null,3804
京都府,大山崎町,null,13336
埼玉県,久喜市,null,134085
千葉県,一宮町,null,10611
愛知県,名古屋市,守山区,146456
山形県,白鷹町,null,13498
愛知県,一宮市,null,328856
広島県,広島市,東区,106431
秋田県,美郷町,null,18816
福岡県,吉富町,null,5894
茨城県,取手市,null,93651
埼玉県,長瀞町,null,6861
三重県,紀宝町,null,10160
秋田県,三種町,null,16376
新潟県,弥彦村,null,7328
福岡県,福智町,null,21438
富山県,朝日町,null,11654
東京都,あきる野市,null,70137
千葉県,九十九里町,null,15368
青森県,おいらせ町,null,20992
沖縄県,読谷村,null,32604
兵庫県,神戸市,須磨区,145155
岩手県,野田村,null,3953
埼玉県,越谷市,null,282810
岐阜県,海津市,null,32372
千葉県,八千代市,null,164464
福島県,国見町,null,8600
高知県,いの町,null,21716
青森県,南部町,null,16926
奈良県,御杖村,null,1821
山梨県,南部町,null,7681
埼玉県,入間市,null,129827
山形県,庄内町,null,19739
福岡県,みやま市,null,35258
福岡県,大野城市,null,81043
北海道,七飯町,null,24632
奈良県,王寺町,null,18904
山形県,西川町,null,5426
北海道,南幌町,null,7480
大阪府,高槻市,null,309233
茨城県,潮来市,null,26002
千葉県,横芝光町,null,21340
埼玉県,蕨市,null,60874
鳥取県,大山町,null,15124
大阪府,堺市,南区,131746
宮城県,丸森町,null,13402
岐阜県,神戸町,null,17070
埼玉県,所沢市,null,295595
岐阜県,養老町,null,26653
北海道,登別市,null,44543
福島県,浅川町,null,5856
新潟県,関川村,null,5564
東京都,葛飾区,null,376235
岩手県,滝沢村,null,46540
岡山県,赤磐市,null,36907
東京都,小金井市,null,102683
石川県,中能登町,null,15735
群馬県,玉村町,null,32420
山形県,朝日町,null,6667
茨城県,龍ケ崎市,null,69377
北海道,東神楽町,null,7885
愛知県,武豊町,null,36623
秋田県,藤里町,null,3265
埼玉県,上里町,null,26769
埼玉県,和光市,null,68447
広島県,広島市,安佐北区,129193
千葉県,神崎町,null,5471
三重県,明和町,null,19710
奈良県,大和高田市,null,58020
鳥取県,若桜町,null,3342
神奈川県,秦野市,null,144099
福井県,池田町,null,2628
山形県,戸沢村,null,4488
東京都,福生市,null,51582
大阪府,堺市,北区,132465
茨城県,かすみがうら市,null,37562
山形県,舟形町,null,5212
長野県,下條村,null,3622
宮城県,山元町,null,14121
福岡県,中間市,null,38114
大阪府,四條畷市,null,48640
千葉県,鋸南町,null,7715
埼玉県,幸手市,null,45639
兵庫県,市川町,null,11453
鳥取県,岩美町,null,10444
埼玉県,新座市,null,136828
山形県,金山町,null,5377
兵庫県,播磨町,null,28586
岐阜県,池田町,null,21102
石川県,宝達志水町,null,12299
埼玉県,桶川市,null,63112
埼玉県,さいたま市,西区,72380
栃木県,岩舟町,null,15403
三重県,名張市,null,69085
愛知県,知立市,null,57744
香川県,まんのう町,null,16423
愛知県,江南市,null,84170
長野県,麻績村,null,2555
福岡県,大任町,null,4641
富山県,氷見市,null,44493
宮城県,利府町,null,28663
福岡県,志免町,null,37461
徳島県,上板町,null,10727
千葉県,御宿町,null,6651
千葉県,船橋市,null,512841
栃木県,市貝町,null,10393
茨城県,牛久市,null,68771
北海道,音更町,null,38741
佐賀県,小城市,null,37995
大阪府,箕面市,null,111608
福岡県,大刀洗町,null,12865
青森県,藤崎町,null,13761
埼玉県,さいたま市,桜区,81552
岐阜県,山県市,null,25442
埼玉県,朝霞市,null,109103
福岡県,須恵町,null,22356
和歌山県,橋本市,null,55808
長野県,長和町,null,5819
東京都,江戸川区,null,570877
大阪府,和泉市,null,158734
大阪府,千早赤阪村,null,5056
大阪府,能勢町,null,9996
沖縄県,八重瀬町,null,22415
京都府,亀岡市,null,79270
愛知県,東浦町,null,41836
岐阜県,羽島市,null,57563
神奈川県,横浜市,保土ケ谷区,173514
大阪府,羽曳野市,null,100801
京都府,八幡市,null,62301
埼玉県,三郷市,null,112541
京都府,和束町,null,3761
兵庫県,神河町,null,10524
山形県,遊佐町,null,12988
神奈川県,湯河原町,null,22986
埼玉県,上尾市,null,187765
三重県,菰野町,null,34216
奈良県,宇陀市,null,28694
福島県,鮫川村,null,3413
千葉県,印西市,null,73910
福島県,三春町,null,15557
徳島県,佐那河内村,null,2169
埼玉県,草加市,null,208533
和歌山県,太地町,null,2723
茨城県,那珂市,null,46377
広島県,広島市,安芸区,65997
沖縄県,中城村,null,15113
鳥取県,南部町,null,9662
北海道,幕別町,null,22691
神奈川県,横浜市,磯子区,136711
宮城県,仙台市,太白区,184725
和歌山県,美浜町,null,6599
北海道,札幌市,清田区,97650
千葉県,市川市,null,387101
埼玉県,川口市,null,419080
東京都,東村山市,null,125378
沖縄県,南城市,null,33244
福井県,越前町,null,18891
東京都,国分寺市,null,100798
神奈川県,座間市,null,105453
千葉県,富里市,null,42672
千葉県,松戸市,null,394622
長野県,泰阜村,null,1595
京都府,京都市,西京区,124573
長野県,喬木村,null,5588
茨城県,守谷市,null,50861
岐阜県,川辺町,null,8838
千葉県,白井市,null,49114
熊本県,氷川町,null,10608
福岡県,桂川町,null,11269
奈良県,明日香村,null,4885
秋田県,潟上市,null,27996
東京都,清瀬市,null,61802
山梨県,道志村,null,1559
山形県,大蔵村,null,3136
福岡県,篠栗町,null,25415
岩手県,紫波町,null,27748
長野県,木祖村,null,2543
広島県,広島市,佐伯区,112754
神奈川県,逗子市,null,47297
長野県,小川村,null,2532
長野県,北相木村,null,683
栃木県,益子町,null,20272
長野県,中川村,null,4113
兵庫県,太子町,null,27833
鳥取県,八頭町,null,14934
山形県,大石田町,null,6792
福島県,大玉村,null,6947
青森県,大鰐町,null,9137
福岡県,福津市,null,44910
長野県,生坂村,null,1625
長野県,青木村,null,3734
埼玉県,ふじみ野市,null,87939
福島県,葛尾村,null,1240
茨城県,常陸太田市,null,46778
千葉県,我孫子市,null,108510
神奈川県,三浦市,null,40199
福岡県,筑前町,null,23591
福岡県,宇美町,null,32079
長野県,佐久穂町,null,9765
群馬県,甘楽町,null,11319
鳥取県,湯梨浜町,null,13778
長野県,小布施町,null,9199
京都府,城陽市,null,64737
徳島県,藍住町,null,27690
千葉県,佐倉市,null,139203
神奈川県,川崎市,高津区,180525
埼玉県,さいたま市,見沼区,127007
千葉県,睦沢町,null,6092
奈良県,香芝市,null,60791
福岡県,水巻町,null,24913
富山県,立山町,null,22194
神奈川県,相模原市,南区,227601
奈良県,広陵町,null,26698
栃木県,高根沢町,null,25236
秋田県,東成瀬村,null,2318
愛知県,尾張旭市,null,67274
埼玉県,蓮田市,null,51078
宮城県,亘理町,null,28880
宮崎県,三股町,null,20006
千葉県,白子町,null,10067
和歌山県,九度山町,null,4003
熊本県,津奈木町,null,4192
愛知県,蟹江町,null,29589
福岡県,那珂川町,null,41198
千葉県,長生村,null,11895
北海道,札幌市,手稲区,115568
熊本県,玉東町,null,4478
栃木県,塩谷町,null,10392
兵庫県,宝塚市,null,181755
岐阜県,七宗町,null,3706
埼玉県,宮代町,null,27080
福岡県,小郡市,null,48346
静岡県,函南町,null,31032
福岡県,宗像市,null,78895
千葉県,千葉市,緑区,98063
神奈川県,横浜市,緑区,146647
福岡県,糸島市,null,79125
宮城県,東松島市,null,35411
神奈川県,川崎市,麻生区,136513
福岡県,添田町,null,9003
栃木県,野木町,null,20659
長野県,山形村,null,6949
青森県,田舎館村,null,6545
埼玉県,吉見町,null,17384
和歌山県,岩出市,null,42449
熊本県,球磨村,null,3502
東京都,東久留米市,null,93335
鳥取県,伯耆町,null,9564
兵庫県,芦屋市,null,74668
愛知県,一色町,null,19595
愛知県,名古屋市,緑区,183752
大阪府,岬町,null,14392
三重県,東員町,null,20537
長野県,朝日村,null,3898
東京都,西東京市,null,157250
長野県,原村,null,6223
岐阜県,大野町,null,19090
大阪府,河内長野市,null,92434
愛知県,扶桑町,null,26843
福岡県,赤村,null,2671
群馬県,榛東村,null,11494
神奈川県,横浜市,瀬谷区,104258
埼玉県,鴻巣市,null,95694
東京都,練馬区,null,588243
青森県,風間浦村,null,1970
秋田県,八郎潟町,null,5439
千葉県,四街道市,null,69347
愛知県,あま市,null,71148
長野県,南相木村,null,896
京都府,笠置町,null,1334
兵庫県,川西市,null,125023
長野県,豊丘村,null,5594
大阪府,堺市,東区,68218
埼玉県,春日部市,null,194419
愛知県,東郷町,null,33344
埼玉県,横瀬町,null,7409
岐阜県,北方町,null,14653
埼玉県,吉川市,null,53513
京都府,南山城村,null,2451
神奈川県,川崎市,多摩区,175230
神奈川県,茅ヶ崎市,null,187115
岐阜県,瑞穂市,null,42490
愛知県,愛西市,null,51717
福島県,会津美里町,null,18586
東京都,稲城市,null,67517
兵庫県,神戸市,北区,185388
千葉県,八街市,null,58263
福岡県,大木町,null,11725
埼玉県,さいたま市,緑区,87596
東京都,東大和市,null,65959
神奈川県,二宮町,null,21907
山梨県,甲斐市,null,58599
神奈川県,真鶴町,null,6008
埼玉県,北本市,null,54674
青森県,階上町,null,10749
広島県,熊野町,null,19469
山梨県,西桂町,null,3295
京都府,木津川市,null,55326
埼玉県,富士見市,null,77311
群馬県,吉岡町,null,15701
奈良県,平群町,null,14287
大阪府,熊取町,null,35728
山形県,中山町,null,8689
千葉県,東庄町,null,11983
茨城県,利根町,null,12238
福岡県,岡垣町,null,25350
千葉県,栄町,null,15632
千葉県,千葉市,花見川区,142802
大阪府,豊能町,null,14471
埼玉県,小川町,null,25973
宮城県,七ヶ浜町,null,13278
福島県,湯川村,null,2653
茨城県,河内町,null,8022
長野県,飯綱町,null,9356
神奈川県,横浜市,旭区,197891
奈良県,三郷町,null,18467
神奈川県,横浜市,南区,154387
奈良県,安堵町,null,6240
埼玉県,鶴ヶ島市,null,55072
大阪府,交野市,null,61052
長野県,筑北村,null,4062
神奈川県,横浜市,港南区,173691
愛知県,岩倉市,null,37115
埼玉県,志木市,null,54519
京都府,向日市,null,42533
埼玉県,松伏町,null,24362
愛知県,幡豆町,null,9638
愛知県,知多市,null,66121
奈良県,上牧町,null,18500
神奈川県,横浜市,泉区,121197
兵庫県,神戸市,垂水区,171422
神奈川県,横浜市,栄区,97103
茨城県,城里町,null,16708
福岡県,糸田町,null,7470
神奈川県,大磯町,null,25579
奈良県,斑鳩町,null,21454
和歌山県,日高町,null,5737
神奈川県,横浜市,青葉区,234794
奈良県,生駒市,null,91066
大阪府,太子町,null,10959
福岡県,春日市,null,82226
埼玉県,白岡町,null,38707
大阪府,阪南市,null,43460
宮城県,富谷町,null,36088
熊本県,山江村,null,2822
京都府,精華町,null,27312
埼玉県,東秩父村,null,2559
奈良県,三宅町,null,5686
石川県,津幡町,null,28226
長野県,高山村,null,5775
愛知県,大治町,null,22786
大阪府,島本町,null,22053
千葉県,鎌ケ谷市,null,82033
富山県,舟橋村,null,2254
千葉県,酒々井町,null,16118
三重県,度会町,null,6592
埼玉県,鳩ヶ谷市,null,46033
埼玉県,さいたま市,南区,132091
兵庫県,猪名川町,null,23948
福井県,南越前町,null,8708
新潟県,田上町,null,9624
長野県,松川村,null,7579
神奈川県,葉山町,null,24585
石川県,内灘町,null,20193
東京都,狛江市,null,58983
長崎県,長与町,null,31857
山形県,山辺町,null,11330
千葉県,流山市,null,122308
千葉県,大網白里町,null,37342
神奈川県,川崎市,宮前区,162710
